n1,n2
dlk,skp
rdx,xff
dmc,thp
cqx,vcp
cqx,xcd
cqx,zhm
cqx,zsf
hln,bkg
gks,mkf
gks,gng
gks,nfg
zql,tvb
zql,cjn
rvh,pcz
rvh,svd
ddc,blb
dbl,knb
dbl,jjg
dbl,hdq
dbl,xxc
dbl,nxm
gnt,mbq
gnt,qsr
gnt,jpm
qpx,lbk
qpx,msb
tqt,psn
tqt,zgx
tqt,ccl
tqt,fgr
tqt,gls
tqt,nfh
bpx,rqp
bpx,tzz
bpx,dhx
ccz,jmp
ccz,mpp
ccz,bxg
ccz,lvt
hkl,xtx
tts,rnx
tts,cgs
tts,tmt
bbc,hrb
bbc,xkh
bbc,qbs
bbc,rqm
npl,kpg
npl,cgn
npl,zbj
jxc,djx
jxc,tkb
hnp,sdn
lmg,zfk
lzh,bgs
lzh,tzg
lzh,scb
ppb,vzk
ppb,pmp
ppb,rcf
svt,xdq
svt,ssm
svt,lqm
svt,xqd
bvb,sfc
bvb,pjc
bvb,dmc
rtq,qtr
qjp,gtg
qjp,xqj
qjp,kvs
xzd,tbh
xzd,zdf
xzd,hhr
xzd,gtn
scg,gxv
scg,srd
scg,vzk
jnn,ctx
jnn,tdt
jnn,ncg
pjm,tln
pjm,vkv
pjm,kbq
pjm,rjt
cpv,lvl
cpv,mmz
cpv,bjv
lsl,pvn
lsl,bxs
lsl,zss
tcj,tts
tcj,mbj
tcj,pnz
tcj,ljp
gzm,ltp
gzm,gdg
gzm,jsr
gzm,ndl
nbb,clv
nbb,rtq
nbb,gbq
ncf,zfk
ncf,fbh
ncc,cvp
ncc,vmx
bhp,lhz
bhp,sfl
bhp,mtm
bhp,mqp
bhp,nbl
hbf,qdc
hbf,kjq
hbf,shh
ksf,cdx
ksf,tjk
ksf,pkd
ksf,cht
lbp,sbs
lbp,dhx
lbp,hst
lqr,spm
lqr,lnq
lqr,rks
lqr,llj
jkl,xvc
jkl,vxb
jkl,rzz
jkl,fhx
bvq,ckv
dnh,jjq
dnh,kcp
dhx,kfr
ltr,pts
ltr,ltp
ltr,rjh
ltr,lqc
ltr,bvz
jcg,nfj
jcg,rks
jzz,qhh
jzz,bmf
jzz,vbn
lsn,pjs
lsn,sxj
lsn,sfc
lgb,ljf
lgb,mkq
lgb,xmc
llb,zxj
htl,rjp
htl,scd
htl,fhk
htl,ckg
htl,zqq
ptk,hkl
ptk,slt
rjl,dkg
xxm,xkg
xxm,qmc
jfq,vmx
jfq,pfl
jfq,sjf
jfq,phf
lvd,cbn
lvd,dfd
lvd,dxf
qmq,zvk
shb,kjh
shb,zhd
rjt,jmq
rjt,grj
rjt,hvd
jmv,dgr
jmv,kqc
jmv,bxg
jmv,tzz
jmv,ccz
jmv,qpv
fvx,qpg
fvx,rbl
fvx,fkx
fvx,xjl
knc,chr
knc,dlk
xbg,mms
xbg,rfn
xbg,zjd
xbg,xmq
cht,hgd
cht,qgj
nms,rjh
nms,xfp
nms,bmf
gsc,xnf
gsc,mqr
gsc,gbm
knb,zsm
knb,thm
knb,vck
ksj,txb
ksj,hml
ksj,qmt
kjj,zfp
kjj,glp
vzf,tqb
sfq,nng
sfq,tgj
sfq,xdv
zjd,crq
ssg,mhg
ssg,csx
ssg,zxm
ssg,sdn
srf,bzp
srf,zpf
srf,zhm
srf,lks
pts,tbg
pts,rjh
pts,hvd
rbv,hfj
rbv,gsc
vct,fzx
vct,jcz
lkd,blp
jdd,zmf
jdd,ggl
jdd,rvh
jdd,jtv
qgp,sxz
qgp,cnf
qgp,xlm
qgp,vmb
lfl,qlc
lfl,xbf
lfl,kvz
lfl,fxk
lfl,spm
xjx,qmz
xjx,gbq
xjx,glh
xjx,knp
rrm,jfp
rrm,mvt
rhv,rpt
rhv,gnl
rhv,gtd
rhv,nmt
rhv,pkf
rhv,knp
qdb,lmg
nsj,rrm
nsj,xdq
nsj,npg
nsj,xvc
nsj,xhl
kbv,dtt
qfl,mtj
qfl,mjx
qfl,tzr
qfl,fhk
fzv,thc
zkl,zpl
zkl,sns
scb,zvz
gsb,rhg
djt,zjp
djt,thf
djt,jtv
djt,rsx
djt,qgr
lrm,kjb
ctc,znz
ctc,jgh
bsx,lgk
bsx,lds
bsx,cjn
bsx,mtn
gzp,pnq
gzp,sgd
gzp,bjv
gzp,blh
bkj,sdj
bkj,mxz
bkj,hbp
clr,ccm
clr,zdb
clr,qgr
clr,sbb
clr,zlg
clr,tzk
ldz,tkd
lfd,jdq
lfd,rqp
lfd,glp
lfd,tnx
lfd,kfr
jkt,rjh
jkt,ghm
jkt,knm
jkt,lgd
xpv,dhx
xpv,smr
kct,rpm
kct,mkj
lzp,dmx
lzp,gxl
lzp,kbv
lzp,hdt
xpr,rnp
xmb,fvg
xmb,jcz
xmb,clm
mbs,hln
mbs,mvh
tmk,llz
tmk,pnr
tmk,tbq
tmk,llt
fbq,zgs
fbq,mcs
qrr,dtt
rdl,qxv
rdl,jrg
rdl,fbq
rdl,sgg
vjl,pcj
vjl,hbd
vjl,vbr
vjl,tkd
bjk,pqv
bjk,mbq
bjk,xhv
bjk,flc
bjk,ckt
hcb,bdb
hcb,tsc
hcb,zxd
hcb,znl
tkc,lrb
tkc,jjr
tkc,gfg
qpm,pkd
jvq,nvr
xtl,nsm
zhd,tgr
rbl,xtl
rbl,nhv
vzg,xcn
vzg,czz
vzg,jrb
vzg,tdb
bjj,mbc
bjj,sjr
lpz,blb
lpz,mbq
ckz,bnc
ckz,xdv
ckz,lnq
vnl,smm
vgf,kjg
vgf,klh
vgf,xhl
vgf,tbg
vgf,grj
cnc,jsf
cnc,kxb
lzl,zvl
lzl,qmq
lzl,kcx
rck,dnh
rck,lsl
rck,hqt
tjk,nrl
vjz,gqz
vjz,kht
vjz,xmh
vjz,kmb
hhg,bcc
hhg,ndx
hhg,tzm
bvt,gtd
pfv,brr
pfv,kjd
pfv,tzr
pfv,zmp
mrr,hjq
mrr,mkb
mrr,tzv
mrr,smm
llj,xxm
llj,dhk
llj,vhb
bsk,xln
bsk,fxd
bsk,sts
bsk,vjf
gzq,msb
rsj,hxq
rsj,dvr
ckg,sbr
ckg,pcf
drp,jtt
drp,stg
drp,ppb
drp,mvt
mqj,tqb
rhp,rln
rhp,gms
bxd,nrm
bxd,bgh
dgm,btg
dgm,rps
dgm,qmj
mtn,hnp
mtn,dls
ttq,ddc
ttq,fqp
jhr,xcd
jhr,pcf
jhr,msq
jhr,zxj
qqz,khc
qqz,rss
qqz,lcx
qqz,pgz
qqz,vcs
qqz,zlc
ndg,pqx
ndg,nvr
ndg,jgv
lgm,zgm
lgm,zxj
lgm,xkz
hzm,znl
hzm,kqc
hzm,skc
jkj,sfc
jkj,bcc
jkj,cvv
rhm,zxv
rhm,dmn
rhm,gzq
rhm,dvx
vgv,lsl
vgv,cdf
vgv,smm
vgv,ttg
crp,rdg
crp,jkm
pcz,psn
gjr,jnn
gjr,mxm
gjr,xtl
gjr,xfv
qxh,crh
qxh,tnz
qxh,ndx
lvx,hvb
lvx,lzb
lvx,hsb
lvx,lqm
pcb,qbj
pcb,rhj
pcb,ccm
pcb,nmm
pcb,prs
lds,qdj
lds,kfk
lds,hjb
lds,tch
dkl,nsb
dkl,slr
kqj,tkd
nmt,ncj
nmt,lzk
nmt,mms
htv,fvg
htv,jgv
htv,sts
cbn,bcx
hmj,ghm
hmj,hvg
xld,prb
xld,jcf
xld,lrm
xld,rjl
nxm,bvt
nxm,xmq
nxm,znz
gtr,djx
gtr,ggl
gtr,hvf
gtr,qmh
pdd,zxd
pdd,plg
pdd,xbr
pdd,bzg
msq,pkk
tmc,zrq
tmc,ghk
tmc,qtv
smm,jmq
psd,qfv
phs,kfs
phs,znf
phs,vxb
phs,qsf
dzt,kfd
dzt,rtb
dzt,nhv
krh,spm
krh,fvg
krh,tlf
krh,ghf
krh,bzp
cds,vxm
qgg,ncm
qgg,hnd
qgg,zft
qgg,gkr
xzx,nzm
psc,ckg
psc,trn
psc,hlq
psc,zrq
blt,blv
blt,msf
gms,kjb
gms,xln
ftt,xfp
xbc,bfz
xbc,dhx
xbc,znl
nbl,pxn
nbl,hnp
cck,mts
cck,pnq
tkm,tsc
tkm,rsx
zfx,bvj
zfx,lgk
vng,nsb
ltb,gfg
ltb,qrr
ltb,bjv
djs,xzx
djs,sck
sbs,jvl
sbs,thf
sbs,rqh
sbs,gfp
sbs,cbd
rzh,bcx
rzh,mhs
rzh,csr
rzh,fkx
tpm,xfh
tpm,gqj
tpm,jzz
rmz,bxl
rmz,bsd
rmz,kst
rmz,xjd
rmz,qdb
llt,mbc
llt,zjd
mmt,sts
mmt,sbb
kxl,jlg
kxl,qsr
kxl,zrp
zqt,hml
zqt,ncc
zqt,xvf
zqt,tkl
zqt,bjk
zqt,svt
zjs,hdq
zjs,lrb
ckt,ljg
ckt,jkl
ckt,xvl
bkx,vfm
bkx,xdz
flr,hpk
flr,njp
flr,lkd
flr,sfn
jrz,xsn
jrz,sns
jrz,rln
xff,mbq
snf,hck
bxv,lzl
bxv,brq
bxv,qqz
bxv,pts
qtv,qfv
qtv,jtb
hgd,mkn
hgd,zvl
vgb,mgv
vgb,xbf
vgb,zmp
vgb,txd
mbv,mvr
mbv,sdj
mbv,smm
xdv,stc
xdv,zjp
rlr,rjh
rlr,pmg
rlr,pcj
rlr,ttg
kcx,fnf
kcx,mhm
kcx,bgs
jnh,lcd
jnh,hfr
jnh,hpd
jnh,zpl
fqx,czf
gbh,hgp
gbh,gbz
gbh,zrl
gbh,xkp
hrd,mzs
hrd,jrb
hrd,gpx
nrd,xcd
fds,qjd
fds,sqq
fds,hbr
fds,znz
ndx,zfk
zjp,kdn
gbc,qfv
zdb,pxn
zdb,dvr
jlz,rnr
jlz,qft
jlz,kfr
kdh,rjh
kdh,gxl
kdh,gjx
kdh,fqj
kzh,vkv
kzh,ldz
thg,tjx
thg,lpq
fnm,jfd
fnm,vhh
fnm,nvh
qrl,bsv
qrl,ntx
qrl,scb
mtg,tlf
ssp,xmv
ssp,hgp
ssp,jdn
zlg,qgz
bgh,jxc
zbj,crq
jmp,hrj
jmp,fhv
jmp,ptz
tsq,rnh
tsq,rkr
tsq,rhn
nvh,tzp
nvh,rqx
nvh,xkg
pnz,xff
pnz,dmc
kkx,fpr
kkx,kbn
kkx,cdl
zjv,fsh
zjv,xfs
zjv,xbc
zjv,prd
zjv,xpr
vxm,jcz
ncg,tnx
zqb,rxp
zqb,qzl
zqb,lgk
qzp,rbn
qzp,bxz
vxc,jfg
vxc,bvq
vxc,xkp
vxc,sbr
vxc,dhk
vxc,xdc
xvg,rvc
xvg,mhg
xvg,fgr
xvg,hkp
dzd,nfh
gfg,xxf
gfg,qtr
hxd,ckt
hxd,ctc
hxd,mzs
rvv,ccl
rvv,qft
rvv,nrd
hqz,gng
hqz,bfh
hqz,kct
hqz,dzt
hqz,rhp
hqz,vcb
pnq,bnr
pnq,ghr
mrg,rcj
mrg,fdl
mrg,ghr
mrg,njk
gdl,btc
gdl,pqt
gdl,mgv
gdl,xsj
kvt,rqp
kvt,glx
kvt,mmt
kvt,lng
brq,ttq
nnb,dxr
nnb,xfv
spg,zjp
spg,kjj
spg,nrm
spg,rvh
phg,qhr
phg,jrn
phg,tpm
phg,msl
tdg,hfv
tdg,vvm
tdg,hvg
tdg,lsk
tdg,cgs
zqn,mkn
zqn,bcb
zqn,ndl
zqn,pjk
jlq,pfl
jlq,hhx
jlq,zzl
jlq,klh
lhz,psn
kvz,zdf
kvz,jzt
kvz,xxp
kvz,pgs
zgp,sjk
zgp,lxf
zgp,vct
zgp,lph
slm,kfk
qzl,ghk
ksd,tmt
ksd,dmn
ksd,pvn
cqk,sqp
cqk,tsb
cqk,plk
cqk,rrk
bkg,hmj
bkg,bcn
cgs,qsr
pmt,ldq
pmt,bxs
pmt,vxb
pmt,mbq
gqv,pmc
gqv,pjs
gqv,bxl
gqv,mxs
rtp,pfk
rtp,qgs
rtp,ptk
hsn,dqj
hsn,gnt
hsn,gsb
hsn,gqk
hsn,jnx
znm,kzh
znm,trs
znm,gnh
znm,rcj
znm,lmg
fbv,gfb
fbv,ctx
fbv,vmh
fbv,shb
lqc,hfv
lqc,xrt
lqc,fhn
nkp,zch
nkp,pjs
nkp,sct
nkp,cvk
xhl,qmq
jjg,lzk
jjg,zzn
fgb,ghr
fgb,rqv
qsk,kch
qsk,lds
qsk,tlh
xmr,kcx
xmr,blb
xmr,nms
xmr,qrr
slz,rxg
slz,sjk
slz,pqt
slz,mkq
slz,dnd
xzr,drp
xzr,mbj
xzr,rtq
xzr,rtx
xzr,ftt
xzr,zxv
fhv,gbc
fhv,tkr
fhv,bkx
jjj,bjj
jjj,rnx
jjj,qrl
jjj,dsl
fxm,rsj
fxm,prd
fxm,vrx
fxm,bbg
fxm,vnk
ldr,dvd
ldr,mxs
ldr,sjr
ldr,tvm
ldr,lkh
phl,fsf
phl,sfk
phl,fvj
phl,mqr
phl,rcr
slt,pfk
hrj,bpv
hrj,skc
xtb,rbq
xtb,cdx
qkp,zqb
qkp,xsq
qkp,plg
vck,hvd
vck,jjq
vnk,qdj
qhl,jxj
qhl,glp
qhl,bcx
qhl,kvs
qhl,fld
nng,fqx
nng,jvq
vqm,dlk
vlm,gjg
vlm,bvt
dvx,rdx
dvx,dvd
mgj,dvd
mgj,nmf
mgj,ftt
mgj,nnf
mgj,zzp
mkx,hvf
mkx,cdk
mkx,jds
mkx,jcz
mkx,hrj
hpz,rbd
hpz,tgl
rqz,hmp
rqz,ncf
rqz,gmx
hml,tln
hml,crt
jqk,qjd
jqk,dvp
jqk,qfb
htm,cds
htm,ntn
fdm,bgs
fdm,cjh
fdm,pfl
fdm,nrl
qxv,tkb
qxv,ckg
qxv,hxq
vbn,kpg
vbn,msb
mnb,xpr
mnb,rxk
mnb,nvr
mnb,ljs
mnb,xxm
dvd,dxc
dvd,gmx
qzz,fds
qzz,qzk
qzz,mts
qzz,sjf
qnr,svd
ksc,zqq
ksc,xbf
ksc,rpm
ksc,gtr
crc,gqp
crc,bnc
crc,rxz
ktz,qbs
ktz,nkr
ktz,kvz
ktz,cbl
klh,khc
prg,gng
prg,krs
dvr,dzr
tbq,mvr
ssv,nsm
ssv,zgm
ltj,bbg
ltj,kct
ltj,xln
ltj,mhs
pqs,tqb
pqs,rxz
pqs,jkm
grx,qvr
grx,rss
grx,dqj
qbs,tqz
qbs,djx
dsl,dlj
dsl,hrx
dsl,frt
dsl,bxf
gnl,bcc
gnl,lxh
gnl,hhm
frz,hck
frz,bfz
frz,kch
zgs,qlc
thp,bnr
rhn,hvg
rhn,sbz
bsb,kbn
bsb,ttc
bsb,xzc
nnh,lbk
nnh,lzk
nnh,dlk
fhz,hbr
fhz,mvh
fhz,xrt
fhz,sjh
fhz,mvr
tvr,fsh
tvr,ptz
tvr,kdc
tvr,nnb
tvr,hst
tvq,bdb
mmz,tvd
mmz,lrb
mmz,tjk
xbk,sjr
cgk,kxs
cgk,jcf
cgk,hjb
gxz,nng
gxz,rqh
gxz,qhj
cqv,pqv
cqv,czd
cqv,xsp
cqv,vkp
dgn,bqz
dgn,lmg
dgn,rnx
dgn,dnh
xsp,pdb
crh,lsk
trg,gmg
trg,zmf
trg,dvr
trg,rsq
gpk,qpm
xcx,kgk
xcx,sdn
rzz,vng
rzz,rlr
dvp,jsf
xxc,cst
xxc,gnv
gmd,sdj
gmd,vth
gmd,bbb
gmd,xbk
ghk,dxr
xfp,zjs
xtx,gkk
blv,bvt
blv,gzq
tbh,mfr
tbh,tkb
tbh,fjr
tbh,ksx
mfv,sbz
mfv,krf
mfv,ppb
mfv,gdg
rxk,pcz
rxk,trn
rxk,zjl
rxk,xkz
kjq,xjl
kjq,kpp
kjq,thc
cqs,xrg
cqs,ljp
cqs,hpk
cqs,xkl
cqs,tnz
kfl,bgh
kfl,thg
kfl,hpd
kfl,hst
tsp,dqp
tsp,nsj
tsp,khx
tsp,glh
bmr,jqt
bmr,fqp
bmr,ksd
bmr,cvk
bmr,lrb
bmr,hrd
bmr,gnl
bmr,xvx
xfv,bbl
xfv,pqx
jtp,zlv
jtp,lhz
jtp,tqz
jtp,xmb
rlh,dtt
rlh,rpc
rlh,tkc
rlh,chr
bnh,kjg
thl,crs
thl,hsb
thl,frt
thl,kbv
gtg,xzc
gtg,lsg
gtg,zxm
vvh,pgs
vvh,vcp
vvh,fpr
vvh,plg
dfh,fbh
dfh,cfq
dfh,gxv
dfh,bcp
plg,zdf
plg,psn
ssn,rvc
ssn,fpr
ssn,ksv
lfn,qts
lfn,rxg
lfn,rxj
lfn,jct
mkr,nrj
bjq,vxm
bjq,qft
dmx,pmp
dmx,mzs
dmx,cdf
fvf,gpp
fvf,xcn
fvf,gkk
fvf,zxb
fvf,mxz
blh,jrb
blh,xvc
blh,xfp
stg,cnc
stg,jkf
stg,rpt
qjb,rbq
qjb,bnr
pnx,bzp
pnx,rqm
sfh,rvc
sfh,tzz
sfh,vlh
zqq,jxj
zqq,bxz
qxf,qqc
qxf,cqz
qxf,qlg
qxf,dgt
qct,dls
qct,rqx
qct,vps
qct,rsx
qct,qnr
qct,zxd
qct,lgk
dgr,zft
dgr,rfc
dgr,zjf
nrm,nsm
fpr,gqm
fpr,zcq
fxk,zxj
rrz,skp
rrz,tbg
rrz,zvl
rrz,sml
sgz,dfd
sgz,gbm
sgz,hck
prs,bbg
prs,zqb
tfc,qpm
kht,qsr
sjh,skp
xnx,xln
xnx,sxb
xnx,tql
xnx,kpp
xnx,mxm
xnx,xbr
vcr,tmt
vcr,pmc
vcr,ldc
vcr,znf
pkf,tbg
bsd,vqm
bsd,kst
bsd,hhn
bsd,zfk
dvv,cnj
dvv,fsh
dvv,nrm
dvv,xzc
dvv,qzp
vzm,lpz
vzm,tgl
vzm,scb
vzm,crt
gqz,ksj
gqz,sdj
mbl,kkp
mbl,pjk
gbq,kdk
gbq,hmp
hqx,nrj
hqx,fvj
hqx,rxh
hqx,krs
pdv,jsf
pdv,jgh
sxb,rtb
cdk,tvq
cdk,qnr
nfc,bjj
nfc,jrn
nfc,fdl
khx,txb
khx,xsp
mxk,zqc
mxk,gjf
mxk,kbv
mxk,gjx
xqz,svx
xqz,tnx
xqz,kzz
xqz,xsq
kcf,hmp
kcf,gkq
kcf,mbs
kcf,vqm
dzr,clm
dzr,xdz
bnc,xsn
kdn,kqh
dkg,ncg
dkg,zgd
dkg,xln
xbn,zss
xbn,rbb
xbn,clv
xbn,gmx
xbn,ncf
qls,knp
qls,ngx
qls,dvx
qls,dbm
qls,msm
qls,pdv
zcq,zmf
zcq,jfd
xkl,pkf
xkl,qsf
vrs,zfx
vrs,sfl
vrs,hrj
kdc,rnp
kdc,zgd
kdc,nzm
brb,bvj
ljf,lnq
ljf,nvh
ljf,zlg
gfv,crp
gfv,tvb
gfv,kgd
gfv,xjl
gfv,bvq
bpp,gsc
lsp,mbr
lsp,lzb
lsp,blt
lsp,ldz
mfr,rnr
mfr,vlk
vhh,vhb
vhh,bdt
vhh,lfd
vlc,rxg
vlc,vjq
vlc,qbk
vlc,zgd
fpl,xfp
fpl,tlj
fpl,hkl
bsq,hdt
bsq,njk
bsq,gnn
bsq,rzr
xqm,qqf
xqm,vdd
xqm,zdz
xqm,dgp
nfz,bnh
nfz,hdt
nfz,mbs
nfz,rss
dbs,jfp
dbs,tkd
nrb,ndx
nrb,kvk
nrb,rzg
nrb,sbz
gfb,mtj
gfb,pdr
fbr,ccq
fbr,qsr
fbr,zzn
fbr,dvp
rss,zlc
rps,dfd
rps,vjf
rps,mpq
rps,rdg
xkp,trd
xkp,bpx
crt,gpk
mpk,bkv
mpk,ssv
mpk,vmb
ngx,rpc
ngx,qpm
bzs,qfb
bzs,flg
bzs,gch
msl,vqn
msl,jqt
msl,jdf
hvf,pxn
kll,cmt
kll,kqj
kll,pqv
rhk,hbp
rhk,jtm
rhk,vzk
fsl,dlj
fsl,drt
fsl,jtt
fsl,sqp
mgv,rks
mgv,tlf
mgv,xzc
shs,jct
cmt,jpm
xbd,ksv
xbd,htv
xbd,zsp
xbd,pdr
xbd,shq
xbd,shh
kss,glp
ldq,zlb
ldq,tsq
ldq,rkr
ldq,rnh
xfr,gzq
xfr,blr
xfr,sdj
xfr,qmt
sbz,ncj
rdk,fzl
rdk,nfx
rdk,pmp
rdk,bzz
hmd,fvg
hmd,ljz
hmd,gtn
hmd,zmf
pjk,sxj
tnz,qpx
kqp,lsk
kqp,dqp
kqp,gxl
kqp,zbb
nmq,nng
bxf,zss
bxf,mxz
dmn,msm
mqr,xnf
xst,vqc
xst,fgr
xst,cpf
xst,qdc
tjx,bqj
khl,xxp
tgx,lsl
tgx,rbd
tgx,xfp
tgx,frx
vxl,hhk
vxl,ntn
vxl,kjb
vxl,jhj
rcf,jgr
rcf,zth
kpl,zpf
kpl,bxd
kpl,rjl
kpl,bpv
kpl,jcg
kpl,slm
zdf,lqx
zdf,hxq
mzg,vnl
qbj,fxk
qbj,rtb
gxl,hln
gxl,ghm
mhm,vcg
mhm,bcc
mhm,nnh
bmf,ccf
rrk,mqv
hsb,kht
hsb,qsf
hsb,xmh
bts,gjf
bts,xxc
bts,rht
bts,rzr
kbs,rhd
kbs,tvb
kbs,lxf
kbs,rlz
xds,nqs
xds,mbr
xds,lqm
xds,qdb
fvj,kqh
fvj,vjf
znl,kdp
sml,pns
qdj,rlz
cst,hfv
cst,qvr
skl,sck
skl,hgj
bkv,zvq
bkv,hvf
ndj,zjf
ndj,rjp
ndj,fxl
jvl,rvc
jvl,hgj
jvl,rdg
vcd,pfk
vcd,flc
gmg,nsm
gmg,bnq
gmg,kjd
nmv,pnx
nmv,bjq
nmv,rqp
nmv,vjf
hhk,rfc
hhk,qqc
qqg,vqq
qqg,qzk
qqg,rbf
qqg,bmf
rbg,sxz
gxj,kqh
gxj,lpq
xqj,hjb
rtx,blp
rtx,xmq
rtx,vth
qjk,mkr
qjk,kss
qjk,rbg
qjk,mhq
kjh,rvc
kjh,jtv
crn,qqr
tvm,zbj
rxc,cmt
rxc,fnd
rxc,qvr
rxc,phg
cjv,rhg
cjv,qsf
ggl,tzp
sfl,jtb
tlh,zql
tlh,rjp
tlh,fkx
nlf,lsg
nlf,nbl
nlf,rjp
nlf,gdh
phr,kqf
phr,ljg
phr,mbc
jmx,cfl
jmx,bnh
jmx,gnn
jmx,gpk
jmx,trs
rdr,trs
rdr,pmc
zrq,bps
zrq,kxs
qbk,ncg
qbk,cgk
sll,zft
tzs,mkn
tzs,srv
gjf,sqv
gjf,vkv
zqc,cfl
zqc,vxd
plk,gdg
ctx,kch
ctx,tzp
rln,hxq
pmg,vxd
prk,nqs
prk,mkn
prk,dlk
nbq,nzm
nbq,jrz
nbq,zjl
nbq,bfc
lqq,npl
lqq,hrx
lqq,tzm
lqq,hgn
jzh,qlg
qpg,trd
qpg,shq
qpg,nps
vcs,vzk
tdb,rdx
tdb,pvn
tdb,bcp
tdb,fdt
tdb,rkr
zlc,lxh
zlc,kqf
frj,fdt
frj,pdn
frj,pns
dbg,sxk
dbg,nhv
fzp,jtt
fzp,qgs
fzp,rck
fzp,trs
pcf,qmj
pcf,fxl
tnr,lhz
tnr,skl
tnr,lpq
tnr,xmv
tnr,zrl
pkk,jvq
fbc,jfp
fbc,kxl
fbc,phf
npj,bbl
npj,kjd
npj,ntn
nmf,tlj
nmf,bmm
nmf,vmx
cjt,jkm
cjt,fmv
cjt,vjm
cjt,qzl
bnz,zkl
bnz,tgj
bnz,cqz
bnz,xjt
txb,vqn
lvl,jkf
bzg,lgk
bzg,jcf
sgl,glp
sgl,cbl
sgl,jtv
ksg,ccm
ksg,kdn
ksg,csr
ksg,xzn
ksx,nfj
bfc,bkx
bfc,ghf
bfc,llb
bfc,ttj
vgj,mbl
vgj,jkj
vgj,ptk
vgj,kpd
xsj,krs
xsj,vzf
xsj,pgm
lxf,tgj
lxf,qbj
sqq,lxh
sqq,sfn
sqq,pcj
vqq,cck
vqq,jvz
vqq,fnd
pdr,dzd
hlx,hpz
hlx,hvd
hlx,ltp
hlx,cvk
zmp,jfd
xjl,mtn
vrh,klx
vrh,zjp
vrh,dxr
vrh,nzm
vrh,qqp
gsn,ghf
gsn,qbs
gsn,qhj
hjq,ldz
hjq,gkq
hjq,sjr
vcp,bdb
nmk,kss
nmk,qqc
nmk,sfl
nmk,lls
qjd,qvr
ldc,nfx
qmh,ptz
hlf,vng
hlf,npt
hlf,nfx
hlf,sjf
hlf,zgz
lgs,dlj
lgs,pmh
lgs,bqz
lgs,sqv
sgd,jtt
sgd,qkk
sgd,hgq
sgd,lbk
cdx,pmp
drz,kjd
drz,mpg
drz,lfd
ztl,tsq
ztl,khc
ztl,sfc
ztl,bvt
kqc,pgm
mjx,jzt
mjx,fvj
mjx,nvh
sbm,shs
sbm,gsn
sbm,qfl
sbm,tmc
zjz,rhd
zjz,qlc
zjz,sfh
rbn,pph
jrg,bbl
jrg,jtb
jrg,xsq
hpd,xdz
mhl,gsb
mhl,hqt
mhl,cvp
ljz,sts
gzl,sjh
gzl,hdq
ccm,kxs
zsm,sjf
zsm,mbc
zsm,glr
pvk,mpk
pvk,cdh
pvk,dfm
pvk,hbb
bsv,txb
bsv,gnz
jdq,bvq
jdq,ksv
crs,ttl
crs,cvv
crs,kbq
csr,sck
csr,tlh
csr,rvv
rnp,msq
gbz,gxj
gkk,hgd
fhn,tfc
fhn,mvt
fhn,ldz
ghn,vmx
ghn,xfh
zpf,xfv
khb,xtl
khb,frz
hqr,ghm
hqr,qjb
hqr,ztz
qvr,pdv
txc,zbj
txc,blp
dlj,pdb
stc,brb
stc,mtj
stc,rtb
pjc,hgn
jms,ckg
jms,tgr
jms,hnp
jms,tjx
nbp,jzt
nbp,sgg
nbp,kfd
nbp,nmq
nbp,hzm
jjv,lfp
jjv,gdg
jjv,tsb
gch,pjk
gch,nfx
fvg,skl
qpv,rvh
qpv,sfk
qpv,fbd
gqm,ncm
gqm,nsm
vpc,xxp
vpc,jxc
vkp,qcn
vkp,cnc
dnd,ttc
dnd,bpx
dnd,dzd
fdl,crn
fdl,bsh
jfc,pdv
jfc,zxb
jfc,xgp
jfc,bzz
fnc,zkl
fnc,dbg
fnc,hkp
fnc,sgz
ddz,rcr
ddz,fjr
ddz,qkp
ddz,tzr
jfd,dls
jfd,thc
gsl,kzp
gsl,tfc
gsl,mzg
gsl,kpg
rpt,zrp
zpv,mvj
zpv,hdz
zpv,vcs
zpv,lfp
zpv,glr
vpv,qqc
vpv,qlg
vpv,zlv
llz,gpx
llz,lgd
llz,zth
rzr,xrg
rzr,blt
rzr,tjk
nvx,snf
nvx,pgm
vsl,njp
vsl,mbv
vsl,ztz
vsl,fbh
tgl,fbh
kst,kmb
kst,lfp
kst,crt
jrj,gfp
jrj,djs
jrj,ljs
jrj,lpd
gtv,bzg
gtv,shs
gtv,mtg
gtv,zxd
gtv,zjz
tzr,jfg
vnm,lqr
vnm,rhp
vnm,gxz
bgt,pmh
srv,pkf
bps,bnc
bps,bgh
csk,mzs
csk,rbf
csk,tkd
mjr,qjp
mjr,zgm
mjr,qqp
mjr,pgj
mjr,fld
hgn,thp
hgn,lvl
hgn,slr
xvq,pmh
xvq,tzg
xvq,bvz
xvq,rch
smr,zgm
qhj,llb
qhj,psd
fzj,qft
fzj,lcd
fzj,bpp
fzj,ndj
fqn,zxv
fqn,xtx
fqn,frj
fqn,jmq
fqn,zdk
qtr,pmh
lfp,cjh
xls,bmd
xls,jqs
jvz,vbn
jvz,tvd
jvz,dbm
jvz,ngx
qzd,pdr
qzd,pkk
qzd,ckz
qzd,zmp
tvn,shs
tvn,svx
tvn,dfm
tvn,sbb
btc,rbv
btc,gfb
btc,tgr
fdt,plk
fdt,drm
mqp,pkk
mqp,mqj
kfk,kjj
lqm,bgt
ccf,kfs
ccf,hhn
ccf,bnh
ccf,pjc
dhk,gdh
dhk,zgd
vrr,rfc
vrr,mpp
sfk,xcd
sfk,mkr
nmm,rzs
nmm,fxl
dpn,njp
dpn,xxf
dpn,rck
dpn,tsb
fks,nbl
fks,mgv
fks,jdq
fks,rsj
flc,dnh
znf,phf
znf,zrp
znf,mhl
znf,txc
jdn,jfd
jdn,tqb
cvk,mhl
bvj,lks
bbg,kzz
bbg,qzl
hrr,nbb
hrr,hxd
hrr,xxf
hrr,mnx
hrr,jjg
dfk,cpv
dfk,rzg
dfk,cfl
dfk,ttl
mvj,rzg
mvj,vcd
mvj,lsk
bzp,ksv
rdq,lcd
rdq,vxm
pbp,zdk
pbp,rdr
pbp,klh
pbp,kbq
krt,bjq
krt,gbm
krt,rln
krt,bxg
ccb,sjf
ccb,rhz
ccb,pnr
ccb,pdn
bgs,rlr
tcf,bdb
tcf,zgm
tcf,psd
tcf,pph
vqc,ktp
vqc,tzz
vqc,vcb
glx,zhd
glx,gdh
glx,tsc
hbp,cvv
hbp,ksj
tvl,rdx
tvl,xvl
tvl,jmx
tvl,qcm
gsg,sfn
gsg,czz
gsg,gpp
gsg,crs
lkh,vmx
lkh,pjc
lkh,jsr
jjr,qxh
jjr,krf
jjr,kbq
hbb,rxh
hbb,cds
hbb,mkf
sxz,thc
mrj,mhq
mrj,rbl
mrj,xkg
mrj,xld
fzx,nrd
fzx,xkp
fzx,kdp
bpv,kfr
stb,hhm
stb,gpk
cdf,gjg
cgn,xcn
cgn,ttl
cgn,rhg
hmp,rht
kft,cvv
kft,khx
kft,kpd
kft,rhk
kft,llt
pvn,jsr
plj,lbp
plj,nrj
plj,gks
plj,nfh
zdx,xsq
zdx,vlh
zdx,qdc
zdx,prg
rzg,bzz
hsk,nrf
vth,jgr
cqf,mhq
cqf,pph
cqf,vnk
kdk,ncj
nht,tzk
nht,kss
nht,bpx
nht,rsq
hnx,bfz
hnx,gbh
hnx,gbc
hnx,sxb
xjd,vcg
xjd,zvl
xjd,tlj
fnf,vkv
fnf,kjg
fnf,tln
tzc,hgz
tzc,mtn
tzc,tch
tzc,bxg
tzc,vrr
ttz,njp
ttz,nqs
ttz,mvr
rqx,tqb
hvs,glr
hvs,rzz
hvs,mqv
hvs,hdq
gjx,bpt
ddb,jkb
ddb,qfv
ddb,lpq
ddb,scd
xkh,zfx
xkh,qtv
jdf,chr
jdf,qcn
jdf,gxl
jdf,ftt
qhn,zzl
qhn,gdg
qhn,zxb
qhn,scg
qhn,krf
fqj,thp
fqj,grj
fqj,dbm
qnv,mvh
qnv,rpt
qnv,hrd
bfh,vcp
bfh,bvj
bfh,nfg
blb,crq
jkb,cbd
jkb,sxz
fzl,rch
fzl,jsr
fzl,kmb
mpg,pcf
mpg,jzt
mpg,mqp
gpp,dbm
gpp,bmm
ghf,kkx
ghf,rqx
vcm,gft
vcm,snf
vcm,zgs
czz,zvz
czz,xxf
zbz,xgp
zbz,xjd
zbz,brq
zbz,zvk
kml,ghr
kml,vqn
cvs,plk
cvs,qgs
cvs,xrg
cvs,pmp
fqd,sxk
fqd,fmv
fqd,nfh
klx,cjn
xmc,kfd
xmc,cmx
zfp,qtv
zfp,qdc
zfp,qfv
tgj,ckv
mkj,kfk
mkj,zmp
mkj,vcp
shh,qlg
shh,zhb
skz,vmh
skz,lhz
skz,tvb
dqp,knm
dqp,rtq
dqp,xbk
tgn,vnl
tgn,hbd
tgn,zvz
zjl,dhk
zjl,vgz
zjl,lcd
btg,zdf
btg,ndg
btg,shq
dzb,npg
dzb,hbd
dzb,pnz
dzb,zbz
pdn,hvg
pdn,kxb
pdn,pkd
jnx,hqr
jnx,nfc
jnx,txb
jnx,bkg
mkf,pcz
mkf,pgs
mkf,smr
vrq,jfq
vrq,lrq
vrq,ldc
vrq,fvh
xnf,trd
jns,mpp
jns,zsp
jns,bbt
jns,vcp
xbr,zkl
xbr,rjl
bjv,drm
sjr,mqv
njk,ljg
njk,kml
qbz,nmm
qbz,qbj
qbz,rxh
qbz,jtv
jsh,bcp
jsh,hmj
jsh,xff
jsh,jtt
hxz,bqz
hxz,xxf
hxz,blv
hxz,rhz
xln,vlk
xvx,fpl
xvx,ljp
xvx,ldk
pfk,zst
sqp,mkb
sqp,sqv
bxl,jkf
bxl,xdq
kcp,chr
jqr,flg
jqr,rkr
vgz,bpv
vgz,jhj
rxj,cjn
gqk,qgs
gqk,dbs
gqk,vcd
kkl,kzp
kkl,dlk
dtq,cdk
dtq,xzx
dtq,ckg
dtq,klx
bbt,zsf
bbt,dxr
tqz,nnb
tqz,vfm
gsk,khx
gsk,hvb
gsk,bsh
qcn,hhm
qcn,qfb
xlm,fbv
xlm,lpd
xlm,jxc
kmb,tzs
xxf,rfn
vkl,ddc
vkl,jvz
vkl,mnj
vkl,qgj
zxn,bpb
zxn,dls
zxn,vlh
zhb,rnr
zhb,fkx
zhb,ssv
ldk,crn
ldk,zrp
ldk,fnd
tpc,zql
tpc,zdb
tpc,rbv
kls,bjv
kls,gzl
kls,qcm
kls,fdt
grp,zvq
grp,gft
grp,brb
gxp,crh
gxp,tgl
gxp,jpm
gxp,msf
gxp,flg
vmq,fpr
vmq,klx
vmq,jds
vmq,sll
vmq,jcg
vmq,prg
cpr,hzm
cpr,rdq
cpr,nfj
smc,tzr
smc,xmb
smc,rdg
smc,ssn
szk,vjf
szk,tkr
hvb,zgz
lph,nvx
lph,czf
rnx,sdj
jgd,mkb
jgd,hln
jgd,phf
jgd,cjv
xdf,rxk
xdf,nxj
xdf,tkr
xdf,thg
bmt,tkb
bmt,vxl
bmt,djs
bmt,mtm
bmt,kcn
zdk,tnz
zdk,hdq
zbl,gng
zbl,qtn
zbl,jzh
zbl,stc
zsj,kpp
zsj,gdh
zsj,crc
zsj,png
rqk,gfb
rqk,lks
rqk,hsk
rqk,dzr
rht,kqf
fbd,nrd
fbd,ghk
fbd,lls
vdm,smc
vdm,zhm
vdm,rxj
vdm,tpc
gpx,cvp
tsc,vfm
sxk,cds
xrt,zzp
xrt,qdb
cpf,sfl
cpf,mpp
krf,zth
jlg,pfl
fvh,jgr
fvh,lkd
fvh,czd
pkl,pgs
pkl,gbc
pkl,vpc
frt,lzk
frt,vnl
fhk,mcs
fhk,rks
cnf,lqx
cnf,jcf
pnn,tqf
pnn,vps
pnn,tvq
kkp,tvm
kkp,knm
rnh,qgj
hkn,knc
hkn,gtd
hkn,lgd
tvd,slr
tvd,hbd
npt,ghn
npt,jgr
rcr,krs
rcr,csr
cjh,kfs
cjh,tbg
hhx,ssm
hhx,pjk
hhx,ztz
hhx,tvt
hmf,tzk
zhm,xqj
zhm,psd
fbh,zth
vch,ftt
vch,qvh
vch,rhn
vch,crh
rxg,rbn
rxg,mtm
rxg,fzv
gxv,hsb
gxv,mvt
gxv,bnr
sbr,hfr
sbr,zsf
dvh,sxz
dvh,bsk
dvh,cdh
hrb,qjp
hrb,bsb
hrb,ksx
bxs,gjg
bxs,gzl
bcx,rqm
bzn,gtv
bzn,ccm
bzn,rln
bzn,smr
qqc,qft
rzp,xff
rzp,cck
rzp,ltb
qqp,tzp
qqp,gbz
xfs,jkm
xfs,tzk
xfs,cpf
xkz,xpv
xkz,png
dxk,bqz
dxk,ttg
dxk,zqc
dxk,gtd
dxk,dbs
vxb,cst
vxb,jrb
rfk,kcn
rfk,nmq
rfk,qtn
rfk,vhb
vvm,cmt
vvm,gsb
vvm,kst
ljg,bjv
ljg,kvk
ljg,thp
dcn,pjs
dcn,vth
dcn,gpq
ccd,kdn
ccd,vrs
ccd,ggl
ccd,mmt
cfl,qmt
hhr,nfg
hhr,qlg
hhr,psd
qzk,xvc
qzk,bgt
qqf,xpv
qqf,zjp
qqf,lpd
hxm,hlf
hxm,tgn
hxm,qhh
hxm,ghr
nss,sgd
nss,fqq
nss,rqz
dfd,jxh
bzz,nqs
ptz,djx
ptz,gbm
kbn,qft
kbn,tzp
kbn,fsh
msf,glh
msf,dxc
msf,pkd
xjt,lsg
xjt,vhb
svx,fsf
svx,pkk
hpc,bdf
hpc,shq
hnd,jfg
hnd,thf
hnd,dgt
rlj,qmq
rlj,rcj
rlj,bpt
rlj,vqn
rlj,rbq
rlj,vlm
tmt,tbq
tmt,dvp
kzp,qfb
kzp,rrm
kzp,bzz
gnh,jqt
gls,dxr
gls,kfd
gls,gbm
qcm,rzp
qcm,kcp
qcm,cht
sbb,gtn
cbd,zpf
cbd,ckv
jpt,ckv
jpt,nxj
jpt,pnn
jpt,gjr
thm,zjd
thm,msm
thm,jkf
tqf,gbz
tqf,qhd
tqf,vzf
tqf,tlf
vts,rhd
vts,mtg
vts,png
vts,tnx
gqp,jlz
gqp,mtg
gqp,mqj
gqp,bmb
dfm,bxz
dfm,slm
dfm,bgh
nrj,vnk
nrj,sns
knp,gmx
frx,pkf
frx,mvh
frx,rnx
xqd,bmm
xqd,qhh
mxs,fpl
mxs,cdx
rxp,cmx
pkb,ssm
pkb,zsm
pkb,kxb
pkb,rbd
pgj,gxj
pgj,ssp
pgj,zdf
vhv,cqz
vhv,rdq
vhv,vcm
vhv,pcz
xms,qzk
xms,cdx
xms,mzg
xms,tfc
vjq,sns
vjq,pqt
vjq,ntn
lpd,hgj
qmz,cvp
qmz,ssm
qmz,kml
qmz,bcn
brj,gsl
brj,rtp
brj,bzs
brj,mnx
rpm,hpc
rpm,pqx
kch,pxn
zdz,mhs
zdz,lgb
zdz,xqj
hrx,txb
hrx,pqv
lcx,vlm
lcx,vxd
lcx,txc
lcx,lzh
msm,zzp
msm,qhh
sgh,tkm
sgh,gft
sgh,vpc
sgh,jqs
fsf,vhh
fsf,vdd
nkr,mhq
nkr,zqq
nkr,xsn
bmb,fqx
bmb,rqh
bmb,png
ckv,vfm
hkp,hss
hkp,scd
hpm,ppb
hpm,rrk
hpm,xhl
hpm,vcr
hpk,gnl
hpk,dlk
jfg,sxk
jfg,ccl
mzs,bsh
mbr,fvf
mbr,xvl
mnq,ttj
mnq,bmd
mnq,mhs
mnq,kjb
vjm,bzp
vjm,kfr
qlx,rsx
qlx,grp
qlx,xsn
dxv,jkf
dxv,tzs
dxv,cnh
dxv,xbg
bbb,hkl
bbb,mms
bbb,rpc
tzv,stb
tzv,sml
tzv,gjg
tvh,jxh
tvh,sll
tvh,vlk
tvh,jvq
tvh,bmd
mbj,hbr
mbj,gxl
mbj,zvz
xmh,drm
xmh,jpm
rbf,kvk
rbf,rnx
kvs,dgm
ddj,mmt
ddj,qhd
ddj,nxb
ddj,crp
rzs,bqj
jlr,ghn
jlr,gkk
jlr,prk
jlr,kkl
kpd,qqr
kpd,srv
gpf,xxf
gpf,lsn
gpf,tkd
kcn,kqh
clm,psd
lzq,ccq
lzq,bkg
lzq,bxf
lzq,tmk
cnh,jfp
cnh,ptk
cnh,kvk
zft,ncm
zft,jtb
qrn,qqb
qrn,ffh
qrn,sfq
qrn,rbv
jtm,pns
jtm,vcs
jtm,kzh
jtm,qtr
cqm,prd
cqm,jdn
cqm,lnq
cqm,xcx
dlr,nfg
dlr,vjf
dlr,qqp
dlr,rnr
xbf,hbf
xbf,drz
zzl,kpg
zzl,jqr
zzl,bsv
tvt,dvd
fkx,gbc
rqv,xhv
rqv,jsf
rqv,xgp
rqv,nsb
hlm,cqf
hlm,vgz
hlm,zvq
hlm,hpd
nnl,tvm
nnl,xgm
nnl,qgj
nnl,rcj
ldn,tjk
ldn,gzm
ldn,mbr
ldn,rnh
jds,bxd
jds,zft
dgt,htm
fnt,qqc
fnt,hhk
fnt,zft
fnt,pfv
rfc,nvr
zvk,bnr
qts,thf
qts,prs
qts,jzh
jct,szk
jct,gqm
xtq,sgl
xtq,bsk
xtq,qbk
xtq,hfj
pdb,rnx
pdb,zvz
mxm,vpc
mxm,cbn
rxr,xfv
rxr,skc
rxr,vlh
rxr,xbr
pgz,dvd
pgz,dvb
rdt,xxf
rdt,stb
rdt,fhx
rdt,qmz
rdt,vng
lzm,kpp
lzm,rxp
lzm,svd
lzm,spm
lzm,qlx
lzm,hjb
bmm,pcj
gkq,gnl
gkq,crq
zlv,kqh
zlv,vmh
zlv,ljz
sct,srv
sct,drm
sct,gmd
nxn,dqj
nxn,blp
nxn,zbb
nxn,gqk
nxn,mvh
nxn,vzg
nxn,jqk
bbd,hlf
bbd,kdk
bbd,nms
bbd,gpx
jqt,nqs
nqt,ljp
nqt,fbc
nqt,dtt
nqt,hdt
rbb,ndx
rbb,kqj
rbb,tbq
gpm,cbl
gpm,vmn
gpm,lsg
gpm,kjh
gpm,jqp
cdr,fbq
cdr,qnn
cdr,nfg
cdr,crc
chm,qzp
chm,xcl
chm,jrj
chm,jns
mtm,svd
zbb,pmc
zbb,blr
cnv,flg
cnv,nkp
cnv,vbn
cnv,hqt
fjr,pnx
fjr,hlq
fjr,sll
rhz,rnh
rhz,xcn
csz,fdt
csz,qnv
csz,phr
csz,jkf
kzz,hck
vlh,vmn
fxd,hmf
fxd,gkr
fxd,gtn
zqk,jkb
zqk,mcs
zqk,qgz
zqk,ksx
bvz,sjh
bvz,fdm
svd,rlz
zzn,hmp
zzn,flc
xdq,zzn
rhs,sct
rhs,xhv
rhs,cgs
rhs,kjg
npg,pmg
npg,slr
npg,jjv
rbd,qjd
xfh,rpc
bbl,zpl
tql,slm
tql,zpl
tql,kxs
rpc,bgt
rxs,rxp
rxs,khb
rxs,fqd
rxs,lph
rxs,pgs
xnd,xtb
xnd,hgd
xnd,gsk
xnd,zth
vmn,hfj
vmn,skz
mvh,dkl
nrp,rxj
nrp,nrf
nrp,xkh
nrp,bmd
brr,qmc
brr,nps
brr,mpq
hlq,frz
hlq,hmf
kgd,khl
bcb,gnh
bcb,xrg
bcb,pnr
bcb,mqv
bcb,hvb
bcb,flr
bcb,jqr
fxn,mhm
fxn,qrr
fxn,dqp
fxn,cnv
gqj,knm
gqj,kpg
gqj,ncc
gqj,cvv
lrq,xtx
lrq,fbh
lrq,njp
lrq,dmn
zst,tln
ljs,rlz
czd,lvl
czd,jjq
vqx,bjv
vqx,hpz
vqx,bkj
vqx,qpx
smj,brq
smj,sfn
smj,vkv
smj,xsp
smj,zjs
mpq,rtb
dkx,vkp
dkx,xxf
dkx,knc
dkx,kdk
tzm,lgd
tzm,cdf
tzm,bcn
rhj,khl
rhj,qhl
rhj,vrx
drt,nsb
drt,lbk
drt,qxh
btk,tbg
btk,krf
btk,hsb
btk,rbd
xgm,ttz
xgm,txc
xgm,dvx
xgm,vkp
zlb,jlg
zlb,qtr
zlb,zvk
ttj,zcq
ttj,rnp
ttj,vjm
pqt,fqx
qgr,scd
sgg,khl
sgg,txd
sgg,sbr
ntx,mbq
ntx,zst
ntx,ttg
qgz,rqh
qgz,rjl
grj,tfc
lbs,szk
lbs,dvh
lbs,nsm
lbs,vrr
kgk,zhd
kgk,vnk
kgk,vmb
kgk,ttc
rfn,fnd
rfn,skp
cdh,xls
cdh,ljz
cdh,htm
tsb,qjb
tsb,ldz
tsb,ttq
hfr,xmc
hfr,qmc
hfr,mpq
lng,txd
lng,xpr
lng,khb
qkk,crq
qkk,srd
qkk,gnh
pvl,nrf
pvl,qlg
pvl,csx
pvl,fkx
kqf,zxb
clv,nsb
clv,phf
blr,kjg
blr,ctc
tnp,lzk
tnp,bsh
tnp,txb
tnp,ldn
gnn,qqr
gnn,xvl
gnn,dxc
gkg,pgz
gkg,nrl
gkg,gpf
gkg,hhg
gkg,glh
mnx,grx
mnx,sqv
qdc,kdp
mcs,jcz
hdt,zss
hdt,czd
hdt,kht
gzk,kdp
gzk,dxf
gzk,jrz
gzk,mtm
mdr,xcx
mdr,xzx
mdr,dzd
mdr,nrf
mdr,vcb
rkf,zzp
rkf,hfv
rkf,mkb
rkf,kkl
njd,lkd
njd,sqv
vmh,xdz
qqr,xkl
zgx,dxr
zgx,bqj
dvb,xgp
dvb,bcc
dvb,bjv
nrf,jcf
mkq,qmj
bxg,tnx
bxg,tkr
rzx,fdt
rzx,gnv
rzx,dsl
rzx,hbr
jrn,tvt
jbk,fsf
jbk,czf
jbk,rbv
zrl,nps
zrl,pcf
zrl,hfj
ncm,snf
jgh,qsf
jgh,zth
gnz,qgs
gnz,ghr
gnz,kkp
cjd,tjx
cjd,pph
cjd,qmc
cjd,prb
cjd,cbn
cjd,lks
mnj,jmq
mnj,crn
mnj,tmt
ssm,sxj
zch,tzg
zch,bsv
zch,ttl
lvt,rzs
lvt,brb
lvt,snf
tzg,rch
prb,pgm
prb,vdd
hst,lqx
hst,gkr
cmp,rxh
cmp,mkq
cmp,mqr
cmp,jzh
cmp,llb
zgz,zst
zgz,qvh
gnv,pnr
gnv,njd
gnv,mzg
gnv,fhn
zxj,gms
msb,bgt
sfc,cvp
hhn,tlj
hhn,thp
bpb,sfl
bpb,qmh
bpb,bpp
lgx,dlj
lgx,bjk
lgx,tnz
lgx,slt
rvc,qmj
rvc,sck
qpq,kqj
qpq,gnn
qpq,knc
qpq,ldc
qpq,cfq
qpq,nss
htb,bpp
htb,hsk
htb,szk
fqp,vqm
fqp,crh
jxh,xxp
jxh,bbl
sqv,jjq
cpx,vqx
cpx,pmg
cpx,bvb
cpx,pmc
vbr,sml
vbr,rht
vbr,vlm
vbr,xfh
rsq,jdq
rsq,bps
rsq,gkr
qhr,bvt
qhr,gqz
qhr,tzm
nnf,kcp
nnf,fgb
nnf,xhv
xrv,qgr
xrv,fjr
xrv,jgv
xrv,kjb
xrv,jbk
shq,qlc
hss,zgs
hss,bfz
psf,vxd
psf,vqq
psf,rbq
psf,pcj
xcl,kch
xcl,zxn
xcl,vnm
fmv,zpl
fmv,sxb
dpz,txd
dpz,vcb
dpz,ssg
dpz,hgj
fqq,rdr
fqq,vck
fqq,cjv
fqq,nsj
fqq,mts
fqq,xqd
fqq,hqt
nhk,rqh
nhk,bxz
nhk,kvs
nhk,ccd
rhg,tbg
vps,bvj
gft,jqs
gft,lrm
nxb,zgx
nxb,zdb
nxb,jhj
tgr,msq
gpq,tvt
gpq,slt
gpq,bnh
gpq,gjx
czs,fzv
czs,bqj
czs,glx
czs,dgp
ffh,rbg
ffh,nps
ffh,czf
ffh,nrm
jpm,kkp
jpm,mbl
hhq,csk
hhq,llz
hhq,pmc
hhq,bpt
hhq,mxz
hhq,dkl
nxj,pqx
zsp,bbt
zsp,kzz
zsp,hsk
lsg,sdn
lsg,jgv
cdl,smr
cdl,zjf
cdl,npj
bdt,bdf
bdt,rxz
png,hss
srd,hkn
srd,ncj
srd,xbk
jtv,nsm
tdk,vlk
tdk,ttc
tdk,qhj
tdk,qmh
tdk,ncg
xht,smj
xht,fbh
xht,sxj
xht,rrk
jqp,rbg
jqp,qft
jqp,bpp
svc,fzv
svc,nhv
svc,bfz
svc,fkx
dxf,xnf
dxf,tzk
dxf,sns
rhd,lrm
rhd,qnr
dss,lvx
dss,mms
dss,xxc
dss,zqc
lls,fxk
lls,jxj
bcp,hdz
mbm,shh
mbm,pqs
mbm,vmn
mbm,jct
tch,cpr
tch,zlg
cbl,vmb
cbl,kqc
cbl,vpv
vcg,tln
vcg,gch
cnj,ccd
cnj,kch
cnj,bxg
cnj,sjk
cnj,skc
cnj,mqj
xvf,xmq
xvf,khc
xvf,tjk
qdg,mkr
qdg,xjt
qdg,xls
qdg,cmx
qdg,mfr
qdg,rbl
xdc,dbg
xdc,jnh
xdc,vzf
xdc,fgr
thf,gxz
thf,krs
mtj,nxj
ndl,dmc
ndl,npt
cqz,nrd
cqz,kdp
ccq,xbk
ccq,hmp
tdt,zql
tdt,mhs
tdt,ptz
trn,kss
trn,zsf
bvs,zxv
bvs,txc
bvs,xtb
bvs,lpz
ktp,fnm
ktp,jxj
ktp,tvq
ktp,mhg
ktp,lqx
hgq,vcg
hgq,mts
hgq,ztz
qsl,jrn
qsl,nnf
qsl,znz
qsl,cmt
xkg,prd
fhx,rch
fhx,prk
fhx,bpt
fhx,bcn
xmv,ljs
xmv,nmq
qhd,xfv
qhd,trd
qhd,ccl
bdf,jqs
bdf,ckv
bdf,bfz
dgp,vrx
dgp,rqm
nfj,ksv
cfq,fgb
cfq,qmt
dqj,vxd
dqj,lxh
xzn,pkl
xzn,bkv
xzn,mtg
qqb,shb
qqb,bxz
qqb,plg
hhm,pns
xxk,psc
xxk,kgd
xxk,nkr
xxk,lgm
xxk,thf
hgp,nvx
hgp,tzp
hdz,kpg
hdz,zrp
pgs,rxz
zxv,kfs
zxv,njd
qnn,htb
qnn,cnf
qnn,kgd
kxb,jlg
csx,tdk
csx,psd
csx,nng
gfp,rzs
gfp,bdt
nvk,vps
nvk,cmx
nvk,fbd
nvk,btg
nvk,tkm
bnq,vjf
bnq,zft
bnq,qdj
lzb,czz
lzb,rcf
sgt,fzl
sgt,pmt
sgt,srd
sgt,dcn
sgt,zsm
ttc,vdd
nrl,qgs
tkl,kll
tkl,glr
tkl,rrk
fld,rjp
fld,zvq
mhg,hpc
hgz,kcn
hgz,qsk
hgz,vrx
jhj,hmf
qtn,clm
qtn,ksv
qvh,ltp
qvh,dxc
zgd,rbn
zxm,lvd
zxm,zjf
zxm,vct
zxm,fxl
zxm,sjk